<?xml version="1.0"?>
<doc>
    <assembly>
        <name>KellermanSoftware.Compare-NET-Objects</name>
    </assembly>
    <members>
        <member name="T:KellermanSoftware.CompareNetObjects.ICompareObjects">
            <summary>
            Public interface for mocking.  Mock yeah, bird yeah, yeah yeah.
            </summary>
        </member>
        <member name="M:KellermanSoftware.CompareNetObjects.ICompareObjects.Compare(System.Object,System.Object)">
            <summary>
            Compare two objects of the same type to each other.
            </summary>
            <remarks>
            Check the Differences or DifferencesString Properties for the differences.
            Default MaxDifferences is 1 for performance
            </remarks>
            <param name="object1"></param>
            <param name="object2"></param>
            <returns>True if they are equal</returns>
        </member>
        <member name="M:KellermanSoftware.CompareNetObjects.ICompareObjects.ClearCache">
            <summary>
            Reflection properties and fields are cached. By default this cache is cleared automatically after each compare.
            </summary>
            <seealso cref="P:KellermanSoftware.CompareNetObjects.CompareObjects.AutoClearCache"/>
            <seealso cref="P:KellermanSoftware.CompareNetObjects.CompareObjects.Caching"/>
        </member>
        <member name="P:KellermanSoftware.CompareNetObjects.ICompareObjects.ShowBreadcrumb">
            <summary>
            Show breadcrumb at each stage of the comparision.  
            This is useful for debugging deep object graphs.
            The default is false
            </summary>
        </member>
        <member name="P:KellermanSoftware.CompareNetObjects.ICompareObjects.ElementsToIgnore">
            <summary>
            Ignore classes, properties, or fields by name during the comparison.
            Case sensitive.
            </summary>
            <example>ElementsToIgnore.Add("CreditCardNumber")</example>
        </member>
        <member name="P:KellermanSoftware.CompareNetObjects.ICompareObjects.ElementsToInclude">
            <summary>
            Only compare elements by name for classes, properties, and fields
            Case sensitive.
            </summary>
            <example>ElementsToInclude.Add("FirstName")</example>
        </member>
        <member name="P:KellermanSoftware.CompareNetObjects.ICompareObjects.ComparePrivateProperties">
            <summary>
            If true, private properties and fields will be compared. The default is false.  Silverlight and WinRT restricts access to private variables.
            </summary>
        </member>
        <member name="P:KellermanSoftware.CompareNetObjects.ICompareObjects.ComparePrivateFields">
            <summary>
            If true, private fields will be compared. The default is false.  Silverlight and WinRT restricts access to private variables.
            </summary>
        </member>
        <member name="P:KellermanSoftware.CompareNetObjects.ICompareObjects.CompareStaticProperties">
            <summary>
            If true, static properties will be compared.  The default is true.
            </summary>
        </member>
        <member name="P:KellermanSoftware.CompareNetObjects.ICompareObjects.CompareStaticFields">
            <summary>
            If true, static fields will be compared.  The default is true.
            </summary>
        </member>
        <member name="P:KellermanSoftware.CompareNetObjects.ICompareObjects.CompareChildren">
            <summary>
            If true, child objects will be compared. The default is true. 
            If false, and a list or array is compared list items will be compared but not their children.
            </summary>
        </member>
        <member name="P:KellermanSoftware.CompareNetObjects.ICompareObjects.CompareReadOnly">
            <summary>
            If true, compare read only properties (only the getter is implemented).
            The default is true.
            </summary>
        </member>
        <member name="P:KellermanSoftware.CompareNetObjects.ICompareObjects.CompareFields">
            <summary>
            If true, compare fields of a class (see also CompareProperties).
            The default is true.
            </summary>
        </member>
        <member name="P:KellermanSoftware.CompareNetObjects.ICompareObjects.IgnoreCollectionOrder">
            <summary>
            If true, compare each item within a collection to every item in the other (warning, setting this to true significantly impacts performance).
            The default is false.
            </summary>
        </member>
        <member name="P:KellermanSoftware.CompareNetObjects.ICompareObjects.CompareProperties">
            <summary>
            If true, compare properties of a class (see also CompareFields).
            The default is true.
            </summary>
        </member>
        <member name="P:KellermanSoftware.CompareNetObjects.ICompareObjects.MaxDifferences">
            <summary>
            The maximum number of differences to detect
            </summary>
            <remarks>
            Default is 1 for performance reasons.
            </remarks>
        </member>
        <member name="P:KellermanSoftware.CompareNetObjects.ICompareObjects.Differences">
            <summary>
            The differences found during the compare
            </summary>
        </member>
        <member name="P:KellermanSoftware.CompareNetObjects.ICompareObjects.DifferencesString">
            <summary>
            The differences found in a string suitable for a textbox
            </summary>
        </member>
        <member name="P:KellermanSoftware.CompareNetObjects.ICompareObjects.AutoClearCache">
            <summary>
            Reflection properties and fields are cached. By default this cache is cleared after each compare.  Set to false to keep the cache for multiple compares.
            </summary>
            <seealso cref="P:KellermanSoftware.CompareNetObjects.ICompareObjects.Caching"/>
            <seealso cref="M:KellermanSoftware.CompareNetObjects.ICompareObjects.ClearCache"/>
        </member>
        <member name="P:KellermanSoftware.CompareNetObjects.ICompareObjects.Caching">
            <summary>
            By default properties and fields for types are cached for each compare.  By default this cache is cleared after each compare.
            </summary>
            <seealso cref="P:KellermanSoftware.CompareNetObjects.ICompareObjects.AutoClearCache"/>
            <seealso cref="M:KellermanSoftware.CompareNetObjects.ICompareObjects.ClearCache"/>
        </member>
        <member name="P:KellermanSoftware.CompareNetObjects.ICompareObjects.AttributesToIgnore">
            <summary>
            A list of attributes to ignore a class, property or field
            </summary>
            <example>AttributesToIgnore.Add(typeof(XmlIgnoreAttribute));</example>
        </member>
        <member name="P:KellermanSoftware.CompareNetObjects.ICompareObjects.IgnoreObjectTypes">
            <summary>
            If true, objects will be compared ignore their type diferences
            </summary>
        </member>
        <member name="P:KellermanSoftware.CompareNetObjects.ICompareObjects.IsUseCustomTypeComparer">
            <summary>
            Func that determine when use CustomComparer for comparing specific type.
            Default value return permanent false value.
            </summary>
        </member>
        <member name="P:KellermanSoftware.CompareNetObjects.ICompareObjects.CustomComparer">
            <summary>
            Action that performed for comparing objects.
            T1: contain current CompareObjects
            T2: object1 for comparing
            T3: object1 for comparing
            T4: current CompareObjects breadcrumb
            </summary>
        </member>
        <member name="P:KellermanSoftware.CompareNetObjects.ICompareObjects.ExpectedName">
            <summary>
            In the differences string, this is the name for expected name, default is Expected 
            </summary>
        </member>
        <member name="P:KellermanSoftware.CompareNetObjects.ICompareObjects.ActualName">
            <summary>
            In the differences string, this is the name for the actual name, default is Actual
            </summary>
        </member>
        <member name="P:KellermanSoftware.CompareNetObjects.ICompareObjects.DifferenceCallback">
            <summary>
            Callback invoked each time the comparer finds a difference
            </summary>
        </member>
        <member name="P:KellermanSoftware.CompareNetObjects.ICompareObjects.CollectionMatchingSpec">
            <summary>
            Sometimes one wants to match items between collections by some key first, and then
            compare the matched objects.  Without this, the comparer basically says there is no 
            match in collection B for any given item in collection A.  The results of this aren't
            particularly useful for graphs that are mostly the same, but not quite. Enter CollectionMatchingSpec
            
            the enumerable strings should be property (not field, for now, to keep it simple) names of the
            Type when encountered that will be used for matching
            
            to match on all props/fields: Don't set this property (default comparer behavior)
            NOTE: types are looked up as exact.  e.g. if foo is an entry in the dictionary and bar is a 
            sub-class of foo, upon encountering a bar type, the comparer will not find the entry of foo
            </summary>
        </member>
        <member name="T:KellermanSoftware.CompareNetObjects.Difference">
            <summary>
            Detailed information about the difference
            </summary>
        </member>
        <member name="M:KellermanSoftware.CompareNetObjects.Difference.ToString">
            <summary>
            Nicely formatted string
            </summary>
            <returns></returns>
        </member>
        <member name="P:KellermanSoftware.CompareNetObjects.Difference.ExpectedName">
            <summary>
            Name of Expected Object
            </summary>
        </member>
        <member name="P:KellermanSoftware.CompareNetObjects.Difference.ActualName">
            <summary>
            Name of Actual Object
            </summary>
        </member>
        <member name="P:KellermanSoftware.CompareNetObjects.Difference.PropertyName">
            <summary>
            The breadcrumb of the property leading up to the value
            </summary>
        </member>
        <member name="P:KellermanSoftware.CompareNetObjects.Difference.ChildPropertyName">
            <summary>
            The child property name
            </summary>
        </member>
        <member name="P:KellermanSoftware.CompareNetObjects.Difference.Object1Value">
            <summary>
            Object1 Value as a string
            </summary>
        </member>
        <member name="P:KellermanSoftware.CompareNetObjects.Difference.Object2Value">
            <summary>
            Object2 Value as a string
            </summary>
        </member>
        <member name="P:KellermanSoftware.CompareNetObjects.Difference.Object1">
            <summary>
            Object1 as a reference
            </summary>
        </member>
        <member name="P:KellermanSoftware.CompareNetObjects.Difference.Object2">
            <summary>
            Object2 as a reference
            </summary>
        </member>
        <member name="P:KellermanSoftware.CompareNetObjects.Difference.MessagePrefix">
            <summary>
            Prefix to put on the beginning of the message
            </summary>
        </member>
        <member name="T:KellermanSoftware.CompareNetObjects.CompareObjects">
             <summary>
             Class that allows comparison of two objects of the same type to each other.  Supports classes, lists, arrays, dictionaries, child comparison and more.
             </summary>
             <example>
             
             CompareObjects compareObjects = new CompareObjects();
             
             Person person1 = new Person();
             person1.DateCreated = DateTime.Now;
             person1.Name = "Greg";
            
             Person person2 = new Person();
             person2.Name = "John";
             person2.DateCreated = person1.DateCreated;
            
             if (!compareObjects.Compare(person1, person2))
                Console.WriteLine(compareObjects.DifferencesString);
             
             </example>
        </member>
        <member name="F:KellermanSoftware.CompareNetObjects.CompareObjects._parents">
            <summary>
            Keep track of parent objects in the object hiearchy
            </summary>
        </member>
        <member name="F:KellermanSoftware.CompareNetObjects.CompareObjects._propertyCache">
            <summary>
            Reflection Cache for property info
            </summary>
        </member>
        <member name="F:KellermanSoftware.CompareNetObjects.CompareObjects._fieldCache">
            <summary>
            Reflection Cache for field info
            </summary>
        </member>
        <member name="F:KellermanSoftware.CompareNetObjects.CompareObjects._methodList">
            <summary>
            Reflection Cache for methods
            </summary>
        </member>
        <member name="M:KellermanSoftware.CompareNetObjects.CompareObjects.#ctor(System.Boolean)">
            <summary>
            Set up defaults for the comparison
            </summary>
            <param name="useAppConfigSettings">If true, use settings from the app.config</param>
        </member>
        <member name="M:KellermanSoftware.CompareNetObjects.CompareObjects.#ctor">
            <summary>
            Set up defaults for the comparison
            </summary>
        </member>
        <member name="M:KellermanSoftware.CompareNetObjects.CompareObjects.Compare(System.Object,System.Object)">
            <summary>
            Compare two objects of the same type to each other.
            </summary>
            <remarks>
            Check the Differences or DifferencesString Properties for the differences.
            Default MaxDifferences is 1 for performance
            </remarks>
            <param name="object1"></param>
            <param name="object2"></param>
            <returns>True if they are equal</returns>
        </member>
        <member name="M:KellermanSoftware.CompareNetObjects.CompareObjects.ClearCache">
            <summary>
            Reflection properties and fields are cached. By default this cache is cleared automatically after each compare.
            </summary>
            <seealso cref="P:KellermanSoftware.CompareNetObjects.CompareObjects.AutoClearCache"/>
            <seealso cref="P:KellermanSoftware.CompareNetObjects.CompareObjects.Caching"/>
        </member>
        <member name="M:KellermanSoftware.CompareNetObjects.CompareObjects.Compare(System.Object,System.Object,System.String)">
            <summary>
            Compare two objects
            </summary>
            <param name="object1">The first object to compare</param>
            <param name="object2">The second object to compare</param>
            <param name="breadCrumb">Where we are in the object hiearchy</param>
        </member>
        <member name="M:KellermanSoftware.CompareNetObjects.CompareObjects.AddDifference(KellermanSoftware.CompareNetObjects.Difference)">
            <summary>
            Add difference and perform a callback
            </summary>
        </member>
        <member name="M:KellermanSoftware.CompareNetObjects.CompareObjects.CompareUri(System.Object,System.Object,System.String)">
            <summary>
            Compare an object of type URI
            </summary>
            <param name="object1"></param>
            <param name="object2"></param>
            <param name="breadCrumb"></param>
        </member>
        <member name="M:KellermanSoftware.CompareNetObjects.CompareObjects.CompareType(System.Object,System.Object,System.String)">
            <summary>
            Compare an object of type Type (Runtime type)
            </summary>
            <param name="object1"></param>
            <param name="object2"></param>
            <param name="breadCrumb"></param>
        </member>
        <member name="M:KellermanSoftware.CompareNetObjects.CompareObjects.CompareDataRow(System.Object,System.Object,System.String)">
            <summary>
            Compare all columns in a data row
            </summary>
            <param name="object1"></param>
            <param name="object2"></param>
            <param name="breadCrumb"></param>
        </member>
        <member name="M:KellermanSoftware.CompareNetObjects.CompareObjects.CompareDataTable(System.Object,System.Object,System.String)">
            <summary>
            Compare all rows in a data table
            </summary>
            <param name="object1"></param>
            <param name="object2"></param>
            <param name="breadCrumb"></param>
        </member>
        <member name="M:KellermanSoftware.CompareNetObjects.CompareObjects.CompareDataset(System.Object,System.Object,System.String)">
            <summary>
            Compare all tables and all rows in all tables
            </summary>
            <param name="object1"></param>
            <param name="object2"></param>
            <param name="breadCrumb"></param>
        </member>
        <member name="M:KellermanSoftware.CompareNetObjects.CompareObjects.CompareTimespan(System.Object,System.Object,System.String)">
            <summary>
            Compare a timespan struct
            </summary>
            <param name="object1"></param>
            <param name="object2"></param>
            <param name="breadCrumb"></param>
        </member>
        <member name="M:KellermanSoftware.CompareNetObjects.CompareObjects.ComparePointer(System.Object,System.Object,System.String)">
            <summary>
            Compare a pointer struct
            </summary>
            <param name="object1"></param>
            <param name="object2"></param>
            <param name="breadCrumb"></param>
        </member>
        <member name="M:KellermanSoftware.CompareNetObjects.CompareObjects.CompareEnum(System.Object,System.Object,System.String)">
            <summary>
            Compare an enumeration
            </summary>
            <param name="object1"></param>
            <param name="object2"></param>
            <param name="breadCrumb"></param>
        </member>
        <member name="M:KellermanSoftware.CompareNetObjects.CompareObjects.CompareSimpleType(System.Object,System.Object,System.String)">
            <summary>
            Compare a simple type
            </summary>
            <param name="object1"></param>
            <param name="object2"></param>
            <param name="breadCrumb"></param>
        </member>
        <member name="M:KellermanSoftware.CompareNetObjects.CompareObjects.CompareStruct(System.Object,System.Object,System.String)">
            <summary>
            Compare a struct
            </summary>
            <param name="object1"></param>
            <param name="object2"></param>
            <param name="breadCrumb"></param>
        </member>
        <member name="M:KellermanSoftware.CompareNetObjects.CompareObjects.CompareClass(System.Object,System.Object,System.String)">
            <summary>
            Compare the properties, fields of a class
            </summary>
            <param name="object1"></param>
            <param name="object2"></param>
            <param name="breadCrumb"></param>
        </member>
        <member name="M:KellermanSoftware.CompareNetObjects.CompareObjects.PerformCompareFields(System.Type,System.Object,System.Object,System.Boolean,System.String)">
            <summary>
            Compare the fields of a class
            </summary>
            <param name="t1"></param>
            <param name="object1"></param>
            <param name="object2"></param>
            <param name="structCompare"></param>
            <param name="breadCrumb"></param>
        </member>
        <member name="M:KellermanSoftware.CompareNetObjects.CompareObjects.GetFieldInfo(System.Type)">
            <summary>
            Get a list of the fields within a type
            </summary>
            <param name="type"></param>
            <returns></returns>
        </member>
        <member name="M:KellermanSoftware.CompareNetObjects.CompareObjects.PerformCompareProperties(System.Type,System.Object,System.Object,System.Boolean,System.String)">
            <summary>
            Compare the properties of a class
            </summary>
            <param name="t1"></param>
            <param name="object1"></param>
            <param name="object2"></param>
            <param name="structCompare"></param>
            <param name="breadCrumb"></param>
        </member>
        <member name="M:KellermanSoftware.CompareNetObjects.CompareObjects.GetPropertyInfo(System.Type)">
            <summary>
            Get a list of the properties in a type
            </summary>
            <param name="type"></param>
            <returns></returns>
        </member>
        <member name="M:KellermanSoftware.CompareNetObjects.CompareObjects.CompareIndexer(System.Reflection.PropertyInfo,System.Object,System.Object,System.String)">
            <summary>
            Compare an integer indexer
            </summary>
            <param name="info"></param>
            <param name="object1"></param>
            <param name="object2"></param>
            <param name="breadCrumb"></param>
        </member>
        <member name="M:KellermanSoftware.CompareNetObjects.CompareObjects.CompareIDictionary(System.Object,System.Object,System.String)">
            <summary>
            Compare a dictionary
            </summary>
            <param name="object1"></param>
            <param name="object2"></param>
            <param name="breadCrumb"></param>
        </member>
        <member name="M:KellermanSoftware.CompareNetObjects.CompareObjects.CompareIList(System.Object,System.Object,System.String)">
            <summary>
            Compare an array or something that implements IList
            </summary>
            <param name="object1"></param>
            <param name="object2"></param>
            <param name="breadCrumb"></param>
        </member>
        <member name="M:KellermanSoftware.CompareNetObjects.CompareObjects.CompareHashSet(System.Object,System.Object,System.String)">
            <summary>
            Compare a HashSet
            </summary>
            <param name="object1"></param>
            <param name="object2"></param>
            <param name="breadCrumb"></param>
        </member>
        <member name="M:KellermanSoftware.CompareNetObjects.CompareObjects.IsTypeOfType(System.Type)">
            <summary>
            Returns true if the Type is a Runtime type
            </summary>
            <param name="type"></param>
            <returns></returns>
        </member>
        <member name="M:KellermanSoftware.CompareNetObjects.CompareObjects.IgnoredByAttribute(System.Reflection.MemberInfo)">
            <summary>
            Check if any type has attributes that should be bypassed
            </summary>
            <returns></returns>
        </member>
        <member name="M:KellermanSoftware.CompareNetObjects.CompareObjects.GetPropertyValue(System.Type,System.Object,System.String)">
            <summary>
            Get the value of a property
            </summary>
            <param name="type"></param>
            <param name="objectValue"></param>
            <param name="propertyName"></param>
            <returns></returns>
        </member>
        <member name="M:KellermanSoftware.CompareNetObjects.CompareObjects.GetMethod(System.Type,System.String)">
            <summary>
            Get a method by name
            </summary>
            <param name="type"></param>
            <param name="methodName"></param>
            <returns></returns>
        </member>
        <member name="M:KellermanSoftware.CompareNetObjects.CompareObjects.GetMethods(System.Type)">
            <summary>
            Get the cached methods for a type
            </summary>
            <param name="type"></param>
            <returns></returns>
        </member>
        <member name="M:KellermanSoftware.CompareNetObjects.CompareObjects.NiceString(System.Object)">
            <summary>
            Convert an object to a nicely formatted string
            </summary>
            <param name="obj"></param>
            <returns></returns>
        </member>
        <member name="M:KellermanSoftware.CompareNetObjects.CompareObjects.AddBreadCrumb(System.String,System.String,System.String,System.Int32)">
            <summary>
            Add a breadcrumb to an existing breadcrumb
            </summary>
            <param name="existing"></param>
            <param name="name"></param>
            <param name="extra"></param>
            <param name="index"></param>
            <returns></returns>
        </member>
        <member name="M:KellermanSoftware.CompareNetObjects.CompareObjects.AddBreadCrumb(System.String,System.String,System.String,System.String)">
            <summary>
            Add a breadcrumb to an existing breadcrumb
            </summary>
            <param name="existing"></param>
            <param name="name"></param>
            <param name="extra"></param>
            <param name="index"></param>
            <returns></returns>
        </member>
        <member name="P:KellermanSoftware.CompareNetObjects.CompareObjects.ElapsedMilliseconds">
            <summary>
            The amount of time in milliseconds it took for the comparison
            </summary>
        </member>
        <member name="P:KellermanSoftware.CompareNetObjects.CompareObjects.ShowBreadcrumb">
            <summary>
            Show breadcrumb at each stage of the comparision.  
            This is useful for debugging deep object graphs.
            The default is false
            </summary>
        </member>
        <member name="P:KellermanSoftware.CompareNetObjects.CompareObjects.ElementsToIgnore">
            <summary>
            Ignore classes, properties, or fields by name during the comparison.
            Case sensitive.
            </summary>
            <example>ElementsToIgnore.Add("CreditCardNumber")</example>
        </member>
        <member name="P:KellermanSoftware.CompareNetObjects.CompareObjects.ElementsToInclude">
            <summary>
            Only compare elements by name for classes, properties, and fields
            Case sensitive.
            </summary>
            <example>ElementsToInclude.Add("FirstName")</example>
        </member>
        <member name="P:KellermanSoftware.CompareNetObjects.CompareObjects.ComparePrivateProperties">
            <summary>
            If true, private properties and fields will be compared. The default is false.  Silverlight and WinRT restricts access to private variables.
            </summary>
        </member>
        <member name="P:KellermanSoftware.CompareNetObjects.CompareObjects.ComparePrivateFields">
            <summary>
            If true, private fields will be compared. The default is false.  Silverlight and WinRT restricts access to private variables.
            </summary>
        </member>
        <member name="P:KellermanSoftware.CompareNetObjects.CompareObjects.CompareStaticProperties">
            <summary>
            If true, static properties will be compared.  The default is true.
            </summary>
        </member>
        <member name="P:KellermanSoftware.CompareNetObjects.CompareObjects.CompareStaticFields">
            <summary>
            If true, static fields will be compared.  The default is true.
            </summary>
        </member>
        <member name="P:KellermanSoftware.CompareNetObjects.CompareObjects.CompareChildren">
            <summary>
            If true, child objects will be compared. The default is true. 
            If false, and a list or array is compared list items will be compared but not their children.
            </summary>
        </member>
        <member name="P:KellermanSoftware.CompareNetObjects.CompareObjects.CompareReadOnly">
            <summary>
            If true, compare read only properties (only the getter is implemented).
            The default is true.
            </summary>
        </member>
        <member name="P:KellermanSoftware.CompareNetObjects.CompareObjects.CompareFields">
            <summary>
            If true, compare fields of a class (see also CompareProperties).
            The default is true.
            </summary>
        </member>
        <member name="P:KellermanSoftware.CompareNetObjects.CompareObjects.IgnoreCollectionOrder">
            <summary>
            If true, compare each item within a collection to every item in the other (warning, setting this to true significantly impacts performance).
            The default is false.
            </summary>
        </member>
        <member name="P:KellermanSoftware.CompareNetObjects.CompareObjects.CompareProperties">
            <summary>
            If true, compare properties of a class (see also CompareFields).
            The default is true.
            </summary>
        </member>
        <member name="P:KellermanSoftware.CompareNetObjects.CompareObjects.MaxDifferences">
            <summary>
            The maximum number of differences to detect
            </summary>
            <remarks>
            Default is 1 for performance reasons.
            </remarks>
        </member>
        <member name="P:KellermanSoftware.CompareNetObjects.CompareObjects.Differences">
            <summary>
            The differences found during the compare
            </summary>
        </member>
        <member name="P:KellermanSoftware.CompareNetObjects.CompareObjects.DifferencesString">
            <summary>
            The differences found in a string suitable for a textbox
            </summary>
        </member>
        <member name="P:KellermanSoftware.CompareNetObjects.CompareObjects.AutoClearCache">
            <summary>
            Reflection properties and fields are cached. By default this cache is cleared after each compare.  Set to false to keep the cache for multiple compares.
            </summary>
            <seealso cref="P:KellermanSoftware.CompareNetObjects.CompareObjects.Caching"/>
            <seealso cref="M:KellermanSoftware.CompareNetObjects.CompareObjects.ClearCache"/>
        </member>
        <member name="P:KellermanSoftware.CompareNetObjects.CompareObjects.Caching">
            <summary>
            By default properties and fields for types are cached for each compare.  By default this cache is cleared after each compare.
            </summary>
            <seealso cref="P:KellermanSoftware.CompareNetObjects.CompareObjects.AutoClearCache"/>
            <seealso cref="M:KellermanSoftware.CompareNetObjects.CompareObjects.ClearCache"/>
        </member>
        <member name="P:KellermanSoftware.CompareNetObjects.CompareObjects.AttributesToIgnore">
            <summary>
            A list of attributes to ignore a class, property or field
            </summary>
            <example>AttributesToIgnore.Add(typeof(XmlIgnoreAttribute));</example>
        </member>
        <member name="P:KellermanSoftware.CompareNetObjects.CompareObjects.IgnoreObjectTypes">
            <summary>
            If true, objects will be compared ignore their type diferences
            </summary>
        </member>
        <member name="P:KellermanSoftware.CompareNetObjects.CompareObjects.IsUseCustomTypeComparer">
            <summary>
            Func that determine when use CustomComparer for comparing specific type.
            Default value return permanent false value.
            </summary>
        </member>
        <member name="P:KellermanSoftware.CompareNetObjects.CompareObjects.CustomComparer">
            <summary>
            Action that performed for comparing objects.
            T1: contain current CompareObjects
            T2: object1 for comparing
            T3: object1 for comparing
            T4: current CompareObjects breadcrumb
            </summary>
        </member>
        <member name="P:KellermanSoftware.CompareNetObjects.CompareObjects.ExpectedName">
            <summary>
            In the differences string, this is the name for expected name, default is Expected 
            </summary>
        </member>
        <member name="P:KellermanSoftware.CompareNetObjects.CompareObjects.ActualName">
            <summary>
            In the differences string, this is the name for the actual name, default is Actual
            </summary>
        </member>
        <member name="P:KellermanSoftware.CompareNetObjects.CompareObjects.DifferenceCallback">
            <summary>
            Callback invoked each time the comparer finds a difference
            </summary>
        </member>
        <member name="P:KellermanSoftware.CompareNetObjects.CompareObjects.CollectionMatchingSpec">
            <summary>
            Sometimes one wants to match items between collections by some key first, and then
            compare the matched objects.  Without this, the comparer basically says there is no 
            match in collection B for any given item in collection A that doesn't Compare with a result of true.  
            The results of this aren't particularly useful for object graphs that are mostly the same, but not quite. 
            Enter CollectionMatchingSpec
            
            the enumerable strings should be property (not field, for now, to keep it simple) names of the
            Type when encountered that will be used for matching
            
            You can use complex type properties, too, as part of the key to match.  To match on all props/fields on 
            such a matching key, Don't set this property (default comparer behavior)
            NOTE: types are looked up as exact.  e.g. if foo is an entry in the dictionary and bar is a 
            sub-class of foo, upon encountering a bar type, the comparer will not find the entry of foo
            </summary>
        </member>
    </members>
</doc>
